model_id,moderator,label,type,n_rows,n_levels,n_missing_excluded,model_path,status,notes,max_rhat,min_bulk_ess,min_tail_ess,n_divergent,max_treedepth_hits
m01,disturbance,Disturbance context,categorical,7511,7,0,outputs/models/m01_ls_disturbance.rds,fitted,,1.0048284291200593,1032.7024993888683,1650.0761812597561,0,0
m02,design,Comparison design,categorical,7511,2,0,outputs/models/m02_ls_design.rds,fitted,,1.0045642270617803,755.8212956490602,1044.4210154856194,0,0
m03,log10_years,Elapsed time (log10 years),continuous,7511,NA,0,outputs/models/m03_ls_log10_years.rds,fitted,,1.0050931239323173,1227.5388029664668,2638.3477933295803,0,0
m04,log10_generations,Elapsed time (log10 generations),continuous,7237,NA,274,outputs/models/m04_ls_log10_generations.rds,fitted,,1.0040441306503105,940.2638533134358,1769.563749238569,0,0
m05,trait_type,Trait type,categorical,7511,8,0,outputs/models/m05_ls_trait_type.rds,fitted,,1.0048021480484837,908.944755281243,1561.401852346805,0,0
m06,taxa,Taxonomic group,categorical,7511,8,0,outputs/models/m06_ls_taxa.rds,fitted,,1.0462608607170163,58.71326455005245,203.18722375453598,173,0
m07,genphen,Phenotypic vs genetic study,categorical,7511,2,0,outputs/models/m07_ls_genphen.rds,fitted,,1.0047303693179308,859.604000106144,1846.5296810227887,0,0
m08,env_change,Environmental-change context,categorical,7511,2,0,outputs/models/m08_ls_env_change.rds,fitted,,1.007310110930877,846.7190222915697,1793.6649150065548,0,0
m09,data_type,Data type,categorical,7511,12,0,outputs/models/m09_ls_data_type.rds,fitted,,1.040727347048369,133.433403937132,69.22583664211547,174,0
m10,transf_data,Transformation status,categorical,7492,7,19,outputs/models/m10b_ls_transf_data_v2.rds,fitted,refit (_v2),1.0127785751494338,230.23434663988894,362.931267848255,0,0
m11,data_scale,Measurement scale,categorical,7497,2,14,outputs/models/m11_ls_data_scale.rds,fitted,,1.0082919612547163,1111.7620005430306,2097.33458241606,0,0
