variable_1,variable_2,label_1,label_2,cramers_v,chi_square,df,p_value,n,min_expected,p_holm,stars,tile_label
disturbance,design,Disturbance context,Comparison design,0.8959450948439533,5814.465365740179,6,0,7237,59.57150753074478,0,***,0.90***
disturbance,trait_type,Disturbance context,Trait type,0.3470926213434673,5268.859269045962,42,0,7237,0.44369213762608817,0,***,0.35***
disturbance,genphen,Disturbance context,Study response,0.4777319403854923,1657.457208118225,6,0,7237,61.76661600110543,0,***,0.48***
disturbance,data_scale,Disturbance context,Measurement scale,0.3577923030840106,930.5275418286195,6,9.435110870258871e-198,7223,6.902256680049841,2.8305332610776616e-197,***,0.36***
design,trait_type,Comparison design,Trait type,0.4133075199135935,1243.0769389178213,7,3.412823285402124e-264,7237,6.697388420616277,1.706411642701062e-263,***,0.41***
design,genphen,Comparison design,Study response,0.4535436239098531,1489.4584705295867,1,0,7237,932.346966975266,0,***,0.45***
design,data_scale,Comparison design,Measurement scale,0.04353537371080852,14.688202537978064,1,1.268377558584324e-4,7223,104.18731828879967,1.268377558584324e-4,***,0.04***
trait_type,genphen,Trait type,Study response,0.3863358846496471,1087.0131352559429,7,1.8903017952577252e-230,7237,6.9441757634378884,7.561207181030901e-230,***,0.39***
trait_type,data_scale,Trait type,Measurement scale,0.5750309667704955,2395.0318687198737,7,0,7223,0.7759933545618164,0,***,0.58***
genphen,data_scale,Study response,Measurement scale,0.08861004139355204,57.7053995837109,1,3.044658836746766e-14,7223,107.4955004845632,6.089317673493532e-14,***,0.09***
