Disturbance context,Taxonomic group,Trait type,Contrasts,Within-context (%)
Climate change,Bird,otherLH,2,0.8968609865470852
Climate change,Bird,othermorphology,2,0.8968609865470852
Climate change,Bird,phenology,76,34.08071748878924
Climate change,Mammal,othermorphology,95,42.600896860986545
Climate change,Mammal,size,5,2.242152466367713
Climate change,Plant,otherLH,14,6.278026905829597
Climate change,Plant,othermorphology,8,3.587443946188341
Climate change,Plant,phenology,17,7.623318385650224
Climate change,Plant,size,4,1.7937219730941705
Hunt_harv,Fish,otherLH,2,0.21905805038335158
Hunt_harv,Fish,othermorphology,1,0.10952902519167579
Hunt_harv,Fish,size,850,93.09967141292442
Hunt_harv,Mammal,otherLH,3,0.32858707557502737
Hunt_harv,Mammal,othermorphology,11,1.2048192771084338
Hunt_harv,Mammal,size,13,1.4238773274917853
Hunt_harv,Plant,otherLH,1,0.10952902519167579
Hunt_harv,Plant,othermorphology,9,0.9857612267250822
Hunt_harv,Plant,size,2,0.21905805038335158
Hunt_harv,Reptile,othermorphology,7,0.7667031763417306
Hunt_harv,Reptile,size,14,1.5334063526834611
Introduction,Amphibian,othermorphology,4,0.09624639076034648
Introduction,Arthropod,growth,108,2.598652550529355
Introduction,Arthropod,otherLH,108,2.598652550529355
Introduction,Arthropod,othermorphology,574,13.81135707410972
Introduction,Arthropod,size,121,2.911453320500481
Introduction,Bird,othermorphology,459,11.04427333974976
Introduction,Bird,size,1,0.02406159769008662
Introduction,Fish,behaviour,6,0.14436958614051973
Introduction,Fish,growth,21,0.5052935514918191
Introduction,Fish,otherLH,678,16.31376323387873
Introduction,Fish,othermorphology,111,2.670837343599615
Introduction,Fish,phenology,2,0.04812319538017324
Introduction,Fish,physio,48,1.1549566891241578
Introduction,Fish,size,695,16.722810394610203
Introduction,Mammal,behaviour,10,0.24061597690086622
Introduction,Mammal,otherLH,30,0.7218479307025987
Introduction,Mammal,othermorphology,20,0.48123195380173245
Introduction,Mollusc,growth,6,0.14436958614051973
Introduction,Mollusc,size,6,0.14436958614051973
Introduction,Plant,growth,56,1.3474494706448508
Introduction,Plant,otherLH,288,6.929740134744947
Introduction,Plant,othermorphology,171,4.114533205004812
Introduction,Plant,phenology,6,0.14436958614051973
Introduction,Plant,physio,256,6.159769008662175
Introduction,Plant,response,7,0.16843118383060635
Introduction,Plant,size,294,7.074109720885467
Introduction,Reptile,behaviour,2,0.04812319538017324
Introduction,Reptile,othermorphology,54,1.2993262752646775
Introduction,Reptile,physio,4,0.09624639076034648
Introduction,Reptile,size,10,0.24061597690086622
Landscape change,Amphibian,physio,1,0.4484304932735426
Landscape change,Bird,size,1,0.4484304932735426
Landscape change,Fish,othermorphology,105,47.08520179372197
Landscape change,Fish,size,24,10.762331838565023
Landscape change,Plant,growth,4,1.7937219730941705
Landscape change,Plant,otherLH,27,12.10762331838565
Landscape change,Plant,othermorphology,32,14.349775784753364
Landscape change,Plant,phenology,1,0.4484304932735426
Landscape change,Plant,physio,9,4.0358744394618835
Landscape change,Plant,response,6,2.690582959641256
Landscape change,Plant,size,13,5.829596412556054
Other,Arthropod,growth,1,0.07598784194528875
Other,Arthropod,otherLH,4,0.303951367781155
Other,Arthropod,othermorphology,14,1.0638297872340425
Other,Arthropod,phenology,1,0.07598784194528875
Other,Arthropod,physio,5,0.3799392097264438
Other,Arthropod,size,8,0.60790273556231
Other,Bird,otherLH,20,1.5197568389057752
Other,Bird,othermorphology,252,19.148936170212767
Other,Bird,phenology,6,0.45592705167173253
Other,Bird,size,23,1.7477203647416413
Other,Fish,otherLH,4,0.303951367781155
Other,Fish,othermorphology,21,1.5957446808510638
Other,Fish,size,512,38.90577507598784
Other,Mammal,otherLH,1,0.07598784194528875
Other,Mammal,othermorphology,321,24.39209726443769
Other,Mammal,size,32,2.43161094224924
Other,Plant,otherLH,23,1.7477203647416413
Other,Plant,othermorphology,32,2.43161094224924
Other,Plant,phenology,2,0.1519756838905775
Other,Plant,physio,30,2.2796352583586628
Other,Plant,size,4,0.303951367781155
Pollution,Amphibian,response,12,7.100591715976331
Pollution,Arthropod,growth,2,1.183431952662722
Pollution,Fish,physio,2,1.183431952662722
Pollution,Mollusc,physio,3,1.7751479289940828
Pollution,Plant,growth,10,5.9171597633136095
Pollution,Plant,otherLH,28,16.568047337278106
Pollution,Plant,othermorphology,25,14.792899408284024
Pollution,Plant,phenology,3,1.7751479289940828
Pollution,Plant,physio,57,33.72781065088758
Pollution,Plant,response,8,4.733727810650888
Pollution,Plant,size,19,11.242603550295858
Response to introductions,Arthropod,otherLH,46,24.731182795698924
Response to introductions,Arthropod,othermorphology,58,31.182795698924732
Response to introductions,Arthropod,size,15,8.064516129032258
Response to introductions,Fish,size,2,1.075268817204301
Response to introductions,Mammal,behaviour,1,0.5376344086021505
Response to introductions,Mollusc,othermorphology,5,2.6881720430107525
Response to introductions,Mollusc,size,5,2.6881720430107525
Response to introductions,Plant,growth,7,3.763440860215054
Response to introductions,Plant,otherLH,20,10.75268817204301
Response to introductions,Plant,othermorphology,2,1.075268817204301
Response to introductions,Plant,physio,7,3.763440860215054
Response to introductions,Plant,size,17,9.13978494623656
Response to introductions,Reptile,response,1,0.5376344086021505
