contrast,estimate,lower.HPD,upper.HPD,pd
Amphibian - Bird,-2.18097876249325,-4.13134,0.02470530000000004,0.96
Amphibian - Arthropod,-2.411586891529,-4.33157,-0.18373799999999996,0.9805
Amphibian - Fish,-2.7962128333725,-4.69366,-0.55469,0.99775
Amphibian - Reptile,-2.243411816783,-4.20205,0.0040726700000000005,0.9655
Amphibian - Mollusc,-2.439672775045,-4.41705,-0.11161599999999994,0.98175
Amphibian - Mammal,-2.3194139033885,-4.19845,-0.021498499999999976,0.975
Amphibian - Plant,-2.4258037497025,-4.33791,-0.19390299999999994,0.98225
Bird - Arthropod,-0.23060812903575,-0.36780999999999997,-0.10523999999999978,0.99875
Bird - Fish,-0.61523407087925,-0.7307200000000003,-0.5053899999999998,1
Bird - Reptile,-0.06243305428975,-0.42205000000000004,0.283887,0.6455
Bird - Mollusc,-0.25869401255175,-0.6684599999999996,0.15776000000000012,0.89225
Bird - Mammal,-0.13843514089525,-0.3144800000000001,0.012960000000000083,0.951
Bird - Plant,-0.24482498720925,-0.36762000000000006,-0.12220999999999993,1
Arthropod - Fish,-0.3846259418435,-0.4669699999999999,-0.30420000000000025,1
Arthropod - Reptile,0.168175074746,-0.15391,0.5236299999999998,0.834
Arthropod - Mollusc,-0.028085883515999995,-0.45457999999999954,0.3477800000000002,0.5455
Arthropod - Mammal,0.0921729881405,-0.04743999999999993,0.2356701,0.8945
Arthropod - Plant,-0.014216858173499998,-0.12290000000000045,0.07959000000000005,0.60825
Fish - Reptile,0.5528010165895,0.2221899999999999,0.899548,1
Fish - Mollusc,0.3565400583275,-0.03442000000000078,0.7595099999999999,0.956
Fish - Mammal,0.476798929984,0.35046,0.595275,1
Fish - Plant,0.37040908366999997,0.3000600000000002,0.44282999999999983,1
Reptile - Mollusc,-0.196260958262,-0.72146,0.304226,0.7615000000000001
Reptile - Mammal,-0.07600208660550001,-0.44385699999999995,0.26193,0.65525
Reptile - Plant,-0.1823919329195,-0.5422399999999998,0.1479199999999996,0.85475
Mollusc - Mammal,0.1202588716565,-0.2781600000000002,0.534082,0.71325
Mollusc - Plant,0.013869025342499999,-0.38904000000000005,0.415343,0.523
Mammal - Plant,-0.106389846314,-0.24573,0.02260099999999987,0.94075
