level,emmean,lower.HPD,upper.HPD
ad_ratio,-0.46472250000000004,-1.24579,0.337387
area (2D),-0.268649,-1.038421,0.542397
count,-0.35515549999999996,-1.119229,0.42974
cube (3D),-0.5499248000000001,-1.2964250000000002,0.262405
date,-0.27215935,-1.074802,0.620544
index,-0.5699401500000001,-1.48999,0.25429599999999997
linear,-0.5595028,-1.360857,0.1965694
other,-0.5836405,-1.347091,0.2391544
proportion,-0.51026134,-1.2713269999999999,0.27256800000000003
rate,-0.6530914,-1.4477419999999999,0.11088800000000001
temperature,-0.69808525,-1.586241,0.18003437
time,-0.513665,-1.296039,0.2628029
