contrast,estimate,lower.CrI,upper.CrI,pd
Climate change - Introduction,-0.01568150212116875,-0.191299225,0.15343534999999975,0.566125
Climate change - Response to introductions,-0.2573775353778625,-0.48410164999999994,-0.034327090000000185,0.98775
Climate change - Other,0.182308590783175,-0.008630133999999996,0.38017565,0.968125
Climate change - Landscape change,0.43434146652375,0.15463957499999997,0.7393275749999998,0.9985
Climate change - Pollution,0.181345339698305,-0.11260619999999999,0.481010425,0.888
Climate change - Hunt_harv,-0.19908250134594999,-0.48139387499999997,0.08175167249999972,0.918875
Introduction - Response to introductions,-0.24169603325669375,-0.39442389499999997,-0.08944174800000014,0.99925
Introduction - Other,0.19799009290434375,0.0938946325000001,0.3050114499999999,0.99975
Introduction - Landscape change,0.45002296864491875,0.21914770749999996,0.70526520825,1
Introduction - Pollution,0.19702684181947375,-0.04374919749999997,0.4645057999999999,0.94275
Introduction - Hunt_harv,-0.18340099922478126,-0.41264214749999995,0.045159503499999955,0.943375
Response to introductions - Other,0.4396861261610375,0.262484815,0.6172254999999998,1
Response to introductions - Landscape change,0.6917190019016125,0.417437125,0.9886004749999999,1
Response to introductions - Pollution,0.4387228750761675,0.15688537500000005,0.7326781999999997,0.999
Response to introductions - Hunt_harv,0.0582950340319125,-0.209187475,0.3352247475,0.659
Other - Landscape change,0.252032875740575,0.008874300000000014,0.5247142825,0.979
Other - Pollution,-9.632510848700004e-4,-0.262085655,0.28298176999999997,0.518
Other - Hunt_harv,-0.381391092129125,-0.62755733,-0.12911343750000012,0.99875
Landscape change - Pollution,-0.252996126825445,-0.5960293750000001,0.09879177499999997,0.928
Landscape change - Hunt_harv,-0.6334239678697,-0.9717265250000001,-0.31029500000000015,1
Pollution - Hunt_harv,-0.380427841044255,-0.73462535,-0.05690409749999998,0.989
