search_string,unique_name,approximate
lythrum salicaria,NA,NA
ulex europaeus,Culex europaeus,TRUE
cytisus scoparius,NA,NA
agrostis capillaris,Proteuxoa capularis,TRUE
agrostis stolonifera,NA,NA
anthoxanthum odoratum,NA,NA
deschampsia cespitosa,NA,NA
festuca ovina,NA,NA
silene latifolia,NA,NA
secale cereale,NA,NA
alliaria petiolata,NA,NA
sporobolus alterniflorus,NA,NA
plantago major,NA,NA
brassica rapa,NA,NA
solidago gigantea,NA,NA
hypochaeris radicata,NA,NA
cicerbita muralis,NA,NA
senecio sylvaticus,NA,NA
lupinus bicolor,Nacaeus bicolor,TRUE
acmispon americanus,Bison bison,TRUE
melaleuca quinquenervia,NA,NA
hypericum perforatum,NA,NA
elymus multisetus,NA,NA
panax quinquefolius,NA,NA
saussurea laniceps,NA,NA
saussurea medusa,NA,NA
miconia crenata,NA,NA
pelophylax lessonae/ridibundus,NA,NA
betula pubescens,Ethusa lata,TRUE
peromyscus leucopus noveboracensis,Peromyscus leucopus noveboracensis,TRUE
sciurus carolinensis pennsylvanicus,NA,NA
neogale frenata,NA,NA
neogale vison,NA,NA
senecio squalidus,NA,NA
tristerix corymbosus,NA,NA
festuca rubra,NA,NA
dactylis glomerata,NA,NA
poa annua,NA,NA
raphanus raphanistrum,NA,NA
crepis sancta,NA,NA
raphanus raphanistrum x raphanus sativus,NA,NA
phalaris arundinacea,NA,NA
lolium rigidum,NA,NA
erythranthe guttata,NA,NA
acmispon wrangelianus,NA,NA
lactuca serriola,NA,NA
barbarea vulgaris,NA,NA
bunias orientalis,Eubrephulus orientalis,TRUE
lepidium draba,NA,NA
rorippa austriaca,NA,NA
pseudoroegneria spicata,NA,NA
eriocoma occidentalis,Ophiocoma occidentalis,TRUE
festuca idahoensis,Leptura obliterata,TRUE
koeleria pyramidata,Conularia pyramidata,TRUE
poa sandbergii,NA,NA
senecio inaequidens,NA,NA
senecio pterophorus,NA,NA
hesperostipa comata,NA,NA
sporobolus airoides,Spirobolus juloides,TRUE
jacobaea vulgaris,Acraea vulgaris,TRUE
triadica sebifera,NA,NA
geranium carolinianum,NA,NA
cynoglossum officinale,NA,NA
lespedeza cuneata,NA,NA
brachypodium sylvaticum,NA,NA
centaurea diffusa,NA,NA
datura stramonium,NA,NA
saussurea nigrescens,NA,NA
centaurea sulphurea,NA,NA
centaurea calcitrapa,NA,NA
centaurea solstitialis,Alosterna tabacicolor,TRUE
centaurea melitensis,NA,NA
brassica nigra,Brachida nigra,TRUE
oenothera biennis,NA,NA
persicaria posumbu,NA,NA
solidago canadensis var. scabra,NA,NA
schizachyrium scoparium,NA,NA
pascopyrum smithii,NA,NA
bouteloua gracilis,NA,NA
sanguisorba officinalis,NA,NA
scabiosa columbaria,NA,NA
piptochaetium napostaense,NA,NA
centaurea maculosa,NA,NA
eschscholzia californica,NA,NA
medicago polymorpha,NA,NA
impatiens glandulifera,NA,NA
bromus madritensis,NA,NA
malus domestica,NA,NA
festuca rubra subsp. rubra,NA,NA
holcus lanatus,Pulvinaria sericea,TRUE
stellaria graminea,NA,NA
rumex acetosa,NA,NA
butomus umbellatus,NA,NA
senecio vulgaris,Scelio vulgaris,TRUE
